テストID	大分類	中分類	テストケース名	対象画面ID	前提条件	テスト手順	期待結果	WebdriverIO	優先度
RT-001	株式取引トップ	トップ表示	株式取引トップ画面の正常表示	ETK001	CS-001 実施済み	1. 株式取引トップ（ETK001）にアクセスする
2. 各メニュー（現物買・現物売・信用新規・信用返済等）が表示されていることを確認する
3. 各メニューリンクの href を確認する	・ETK001 が正常表示される
・現物買・現物売・信用新規・信用返済・単元未満株・IPO/PO 等のメニューが存在する
・コンソールエラーなし	describe('ETK001 株式取引トップ')	高
RT-002	株式取引トップ	信用口座未開設	信用取引トップ（口座未開設）の表示	ETK002	CS-001 実施済み（信用口座未開設ユーザー）	1. ETK002 にアクセスする
2. 信用口座開設案内が表示されることを確認する	・信用口座開設の案内が表示される
・信用注文メニューは非活性またはリダイレクトされる	it('信用口座未開設時のトップ表示')	中
RT-003	株式取引トップ	信用口座開設済	信用取引トップ（口座開設済）の表示	ETK003	CS-001 実施済み（信用口座開設済ユーザー）	1. ETK003 にアクセスする
2. 信用取引メニューが表示されることを確認する	・信用取引メニューが正常表示される
・建玉一覧・新規注文等へのリンクが有効	it('信用口座開設済時のトップ表示')	中
RT-004	株式取引トップ	ETFトップ	ETFトップ画面の表示	ETK004	CS-001 実施済み	1. ETK004 にアクセスする
2. ETF関連メニューが表示されることを確認する	・ETFトップが正常表示される
・ETF銘柄一覧リンクが有効	it('ETFトップ表示')	低
RT-005	株式取引トップ	ワン株トップ	ワン株（単元未満株）トップ画面の表示	ETK007	CS-001 実施済み	1. ETK007 にアクセスする
2. ワン株関連メニューが表示されることを確認する	・ワン株トップが正常表示される
・買付・売却リンクが有効	it('ワン株トップ表示')	低
RT-011	注文照会	注文照会表示	注文照会画面の表示と一覧確認	E011	CS-001 実施済み
注文が存在する状態	1. 注文照会（E011）にアクセスする
2. 注文一覧が表示されることを確認する
3. 各カラム（銘柄名・状態・数量・価格）の表示を確認する	・E011 が正常表示される
・注文一覧が表示される
・各カラムヘッダが正しい	describe('E011 注文照会')	高
RT-012	注文照会	発注履歴	発注履歴画面の表示	E012A	CS-001 実施済み	1. E012A（発注履歴）にアクセスする
2. 履歴一覧が表示されることを確認する
3. 期間・銘柄絞り込みが機能することを確認する	・E012A が正常表示される
・発注履歴一覧が表示される
・絞り込み条件が機能する	describe('E012A 発注履歴')	中
RT-013	注文照会	注文訂正（現物）	現物注文の訂正入力・確認・完了フロー	E012B / E013Ba / E013B	CS-001 実施済み
訂正可能な現物注文が存在する	CS-004（注文訂正フロー）を実施
対象画面：E012B → E013Ba → E013B	・E012B（入力）→ E013Ba（確認）→ E013B（完了）の遷移が正常
・訂正前後の価格・数量が確認画面・完了画面で正しく表示される	describe('現物注文訂正フロー')	高
RT-014	注文照会	注文取消（現物）	現物注文の取消フロー	E012B / E013B	CS-001 実施済み
取消可能な現物注文が存在する	CS-005（注文取消フロー）を実施
対象画面：E012B → E013B	・取消確認画面が表示される
・完了画面で取消受付番号が表示される	it('現物注文取消フロー')	高
RT-015	注文照会	注文訂正（信用新規）	信用新規注文の訂正フロー	E012C / E013Ca / E013C	CS-001 実施済み
訂正可能な信用新規注文が存在する	CS-004（注文訂正フロー）を実施
対象画面：E012C → E013Ca → E013C	・信用新規訂正フローが正常完了する
・完了画面に受付番号が表示される	describe('信用新規注文訂正フロー')	高
RT-016	注文照会	注文訂正（信用返済）	信用返済注文の訂正フロー	E012D / E013Da / E013D	CS-001 実施済み
訂正可能な信用返済注文が存在する	CS-004（注文訂正フロー）を実施
対象画面：E012D → E013Da → E013D	・信用返済訂正フローが正常完了する	describe('信用返済注文訂正フロー')	高
RT-017	注文照会	注文取消（現引現渡）	現引現渡注文の取消フロー	E012E / E013E	CS-001 実施済み
取消可能な現引現渡注文が存在する	CS-005（注文取消フロー）を実施
対象画面：E012E → E013E	・現引現渡取消フローが正常完了する	it('現引現渡取消フロー')	中
RT-018	注文照会	指定建玉一覧	指定建玉一覧の表示	E012G	CS-001 実施済み
建玉が存在する	1. E012G（指定建玉一覧）にアクセスする
2. 建玉一覧が表示されることを確認する	・E012G が正常表示される
・建玉の銘柄・数量・評価損益が表示される	describe('E012G 指定建玉一覧')	中
RT-019	注文照会	注文取消（単元未満株）	単元未満株注文の取消フロー	E012I / E013I	CS-001 実施済み
取消可能な単元未満株注文が存在する	CS-005（注文取消フロー）を実施
対象画面：E012I → E013I	・単元未満株取消フローが正常完了する	it('単元未満株取消フロー')	中
RT-021	現物買	銘柄検索（コード）	銘柄コード入力による検索と選択	E021 / E022	CS-001 実施済み	CS-002（銘柄検索）を実施（E021/E022）	・E021 に銘柄コード入力欄が表示される
・E022 に検索結果が表示され銘柄選択後 E023 に遷移する	describe('現物買 銘柄検索')	高
RT-022	現物買	銘柄検索（入力専用）	銘柄検索入力専用画面（E081）の表示	E081	CS-001 実施済み	1. E081（銘柄検索入力）にアクセスする
2. 銘柄コードまたは銘柄名を入力し検索する	・E081 が正常表示される
・検索後 E022 に遷移する	it('E081 銘柄検索入力表示')	高
RT-023	現物買	注文入力→確認→完了	現物買注文の入力・確認・完了フロー	E023 / E024 / E025	CS-001 実施済み
CS-002 完了（銘柄選択済み）
買付余力あり	CS-003（注文入力→確認→完了フロー）を実施
対象画面：E023 → E024 → E025	・E023 に銘柄名・買付可能額が表示される
・E024 に入力内容が正しく表示される
・E025 に受付番号が表示される	describe('現物買フロー E023→E024→E025')	高
RT-024	現物買	受付中画面	現物買注文受付中画面の表示	E029	CS-001 実施済み
注文受付中状態	1. E029（買付注文受付中）を表示する
2. 受付中のメッセージが表示されることを確認する	・「受付中」メッセージが表示される
・注文照会へのリンクが有効	it('買付注文受付中画面')	中
RT-025	現物買 MRP	MRP注文（スタンダード）	確認画面省略モードでの現物買フロー	EMRP023a / EMRP023 / EMRP024 / EMRP025	CS-001 実施済み
CS-007（MRPモード）設定済み	CS-007 に従いMRPモードを設定後
CS-003 を EMRP023a → EMRP023 → EMRP024 → EMRP025 で実施	・MRPモードで確認画面を経由して完了画面に遷移する
・EMRP025 に受付番号が表示される	describe('現物買 MRPフロー')	中
RT-031	単元未満株買付	注文入力→確認→完了	単元未満株買付注文フロー	E026 / E027 / E028	CS-001 実施済み
単元未満株対象銘柄の買付余力あり	CS-003（注文フロー）を実施
対象画面：E026 → E027 → E028	・E026 が表示され単元未満株買付フロー完了
・E028 に受付番号が表示される	describe('単元未満株買付フロー')	中
RT-032	単元未満株買付	受付中	単元未満株買付注文受付中画面	E030	CS-001 実施済み
受付中状態	1. E030 を表示する
2. 受付中メッセージを確認する	・E030 が正常表示される	it('単元未満株買付受付中')	低
RT-041	現物売	保有銘柄一覧	保有銘柄一覧の表示と売付注文起動	E031	CS-001 実施済み
現物保有銘柄あり	1. E031（保有銘柄一覧）にアクセスする
2. 保有銘柄が一覧表示されることを確認する
3. 「売付」ボタンをクリックし E032 に遷移することを確認する	・E031 に保有銘柄・評価損益・数量が表示される
・売付ボタンクリックで E032 に遷移する	describe('E031 保有銘柄一覧')	高
RT-042	現物売	注文入力→確認→完了	現物売注文の入力・確認・完了フロー	E032 / E033 / E034	CS-001 実施済み
保有銘柄あり（売付可能数量あり）	CS-003（注文フロー）を実施
対象画面：E032 → E033 → E034	・E032 に銘柄名・売付可能数量が表示される
・E034 に受付番号が表示される	describe('現物売フロー E032→E033→E034')	高
RT-043	現物売 MRP	MRP売付（スタンダード）	確認画面省略モードでの現物売フロー	EMRP031 / EMRP032 / EMRP033 / EMRP034	CS-001 実施済み
CS-007 設定済み	CS-007 後 CS-003 を EMRP031→EMRP034 で実施	・MRP現物売フローが正常完了する	describe('現物売 MRPフロー')	中
RT-051	信用新規	銘柄検索	信用取引用銘柄検索と選択	E041 / E042	CS-001 実施済み（信用口座開設済）	CS-002（銘柄検索）を実施（E041/E042）	・E041 に銘柄コード入力欄が表示される
・E042 に検索結果が表示され銘柄選択後 E043 に遷移する	describe('信用 銘柄検索 E041/E042')	高
RT-052	信用新規	注文入力→確認→完了	信用新規注文フロー（一般顧客）	E043 / E044 / E045	CS-001 実施済み（信用口座開設済）
新規建て可能な建玉余力あり	CS-003（注文フロー）を実施
対象画面：E043 → E044 → E045	・E043 に信用新規注文入力画面が表示される
・E045 に受付番号が表示される	describe('信用新規フロー E043→E044→E045')	高
RT-053	信用新規	受付中	信用新規注文受付中画面	E046	CS-001 実施済み
受付中状態	1. E046 を表示する
2. 受付中メッセージを確認する	・E046 が正常表示される	it('信用新規受付中')	低
RT-054	信用新規 MRP	MRP新規（スタンダード）	確認画面省略モードでの信用新規フロー	EMRP043a / EMRP043 / EMRP044 / EMRP045	CS-001 実施済み
CS-007 設定済み（信用口座開設済）	CS-007 後 CS-003 を EMRP043a→EMRP045 で実施	・MRP信用新規フローが正常完了する	describe('信用新規 MRPフロー')	中
RT-061	信用返済	建玉一覧	建玉一覧の表示と返済起動	E051	CS-001 実施済み
建玉あり	1. E051（建玉一覧）にアクセスする
2. 建玉一覧が表示されることを確認する
3. 「返済」ボタンをクリックし E052 に遷移することを確認する	・E051 に建玉・評価損益・期日が表示される
・返済ボタンで E052 に遷移する	describe('E051 建玉一覧')	高
RT-062	信用返済	自動決済建玉一覧	自動決済建玉一覧の表示	E051A	CS-001 実施済み
自動決済設定の建玉あり	1. E051A（自動決済建玉一覧）にアクセスする
2. 自動決済対象建玉が表示されることを確認する	・E051A が正常表示される
・自動決済条件が表示される	it('E051A 自動決済建玉一覧')	中
RT-063	信用返済	注文入力→確認→完了	信用返済注文フロー	E052 / E053 / E054	CS-001 実施済み
返済可能な建玉あり	CS-003（注文フロー）を実施
対象画面：E052 → E053 → E054	・E052 に建玉情報・返済注文入力欄が表示される
・E054 に受付番号が表示される	describe('信用返済フロー E052→E053→E054')	高
RT-064	信用返済 MRP	MRP返済（スタンダード）	確認画面省略モードでの信用返済フロー	EMRP052 / EMRP053 / EMRP054	CS-001 実施済み
CS-007 設定済み	CS-007 後 CS-003 を EMRP052→EMRP054 で実施	・MRP信用返済フローが正常完了する	describe('信用返済 MRPフロー')	中
RT-065	信用集計	信用建玉集計	信用建玉集計画面の表示	E101	CS-001 実施済み
信用建玉あり	1. E101（信用建玉集計）にアクセスする
2. 銘柄別・口座別の集計が表示されることを確認する	・E101 が正常表示される
・集計値が正しく計算されている	describe('E101 信用建玉集計')	中
RT-066	信用決済	決済シミュレーション	信用決済シミュレーション画面の表示と計算確認	E055	CS-001 実施済み
信用建玉あり	1. E055（信用決済シミュレーション）にアクセスする
2. 決済損益シミュレーションを実行する	・E055 が正常表示される
・シミュレーション結果が表示される	describe('E055 決済シミュレーション')	中
RT-071	単元未満株売却	注文入力→確認→完了	単元未満株売却注文フロー	E072 / E073 / E074	CS-001 実施済み
単元未満株保有あり	CS-003（注文フロー）を実施
対象画面：E072 → E073 → E074	・E072 に保有単元未満株数量が表示される
・E074 に受付番号が表示される	describe('単元未満株売却フロー')	中
RT-081	一括注文訂正取消	一括照会	一括注文訂正・取消照会画面の表示	ETK158A	CS-001 実施済み
複数の未約定注文が存在する	1. ETK158A にアクセスする
2. 複数注文が一覧表示されることを確認する	・ETK158A が正常表示される
・対象注文一覧が表示される	describe('ETK158A 一括注文照会')	中
RT-082	一括注文訂正取消	一括訂正フロー	一括注文訂正入力・確認・完了フロー	ETK158B / ETK158Ca / ETK158D	CS-001 実施済み
訂正可能な複数注文あり	1. ETK158A から対象注文を選択し「訂正」をクリックする
2. ETK158B（入力）で価格を変更する
3. ETK158Ca（確認）で内容を確認する
4. 「実行」で ETK158D（完了）に遷移する	・一括訂正フローが正常完了する
・完了画面に各注文の受付番号が表示される	describe('一括注文訂正フロー')	中
RT-083	一括注文訂正取消	一括取消フロー	一括注文取消確認・完了フロー	ETK158Cb / ETK158D	CS-001 実施済み
取消可能な複数注文あり	1. ETK158A から対象注文を選択し「取消」をクリックする
2. ETK158Cb（取消確認）で内容を確認する
3. 「実行」で ETK158D（完了）に遷移する	・一括取消フローが正常完了する	describe('一括注文取消フロー')	中
RT-091	条件付注文	現物買条件付	条件付注文（現物買）の入力・確認・完了フロー	ETK160A / ETK160B / ETK160D	CS-001 実施済み
銘柄選択済み	CS-003（注文フロー）を実施
対象画面：ETK160A → ETK160B → ETK160D	・条件付現物買フローが正常完了する
・発動条件・注文条件が確認画面に正しく表示される	describe('条件付現物買フロー')	中
RT-092	条件付注文	現物売条件付	条件付注文（現物売）の入力・確認・完了フロー	ETK161A / ETK161B / ETK161D	CS-001 実施済み
保有銘柄あり	CS-003（注文フロー）を実施
対象画面：ETK161A → ETK161B → ETK161D	・条件付現物売フローが正常完了する	describe('条件付現物売フロー')	中
RT-093	条件付注文	信用新規条件付	条件付注文（信用新規）フロー	ETK162A / ETK162B / ETK162D	CS-001 実施済み（信用口座開設済）	CS-003 を ETK162A→ETK162D で実施	・条件付信用新規フローが正常完了する	describe('条件付信用新規フロー')	中
RT-094	条件付注文	信用返済条件付	条件付注文（信用返済）フロー	ETK163A / ETK163B / ETK163D	CS-001 実施済み（建玉あり）	CS-003 を ETK163A→ETK163D で実施	・条件付信用返済フローが正常完了する	describe('条件付信用返済フロー')	中
RT-095	条件付注文 MRP	MRP条件付現物買	MRP条件付注文（現物買）フロー	EMRP160A / EMRP160B / EMRP160D	CS-001 実施済み
CS-007 設定済み	CS-007 後 CS-003 を EMRP160A→EMRP160D で実施	・MRP条件付現物買フローが正常完了する	describe('MRP条件付現物買フロー')	低
RT-096	条件付注文 MRP	MRP条件付現物売	MRP条件付注文（現物売）フロー	EMRP161A / EMRP161B / EMRP161D	CS-001 実施済み
CS-007 設定済み	CS-007 後 CS-003 を EMRP161A→EMRP161D で実施	・MRP条件付現物売フローが正常完了する	describe('MRP条件付現物売フロー')	低
RT-097	条件付注文 MRP	MRP条件付信用新規	MRP条件付注文（信用新規）フロー	EMRP162A / EMRP162B / EMRP162D	CS-001 実施済み
CS-007 設定済み	CS-007 後 CS-003 を EMRP162A→EMRP162D で実施	・MRP条件付信用新規フローが正常完了する	describe('MRP条件付信用新規フロー')	低
RT-098	条件付注文 MRP	MRP条件付信用返済	MRP条件付注文（信用返済）フロー	EMRP163A / EMRP163B / EMRP163D	CS-001 実施済み
CS-007 設定済み	CS-007 後 CS-003 を EMRP163A→EMRP163D で実施	・MRP条件付信用返済フローが正常完了する	describe('MRP条件付信用返済フロー')	低
RT-101	連続注文	連続注文一覧	連続注文一覧（保有銘柄・建玉）の表示	ETK031A / ETK051A / ETK173A	CS-001 実施済み
保有銘柄・建玉あり	1. ETK173A（連続注文一覧）にアクセスする
2. ETK031A（保有銘柄一覧連続）・ETK051A（建玉一覧連続）を確認する	・各一覧が正常表示される
・連続注文ボタンが有効	describe('連続注文一覧')	中
RT-102	連続注文	連続買付フロー	連続注文（買付）の入力・確認・完了フロー	ETK164A / ETK165A / ETK165B / ETK165D	CS-001 実施済み	1. ETK164A（連続注文指示）で買付を選択する
2. CS-003 を ETK165A→ETK165B→ETK165D で実施する	・連続買付フローが正常完了する
・ETK165D に受付番号が表示される	describe('連続注文買付フロー')	中
RT-103	連続注文	連続売付フロー	連続注文（売付）の入力・確認・完了フロー	ETK166A / ETK166B / ETK166D	CS-001 実施済み
保有銘柄あり	CS-003 を ETK166A→ETK166B→ETK166D で実施	・連続売付フローが正常完了する	describe('連続注文売付フロー')	中
RT-104	連続注文	連続信用新規フロー	連続注文（信用新規）の入力・確認・完了フロー	ETK167A / ETK167B / ETK167D	CS-001 実施済み（信用口座開設済）	CS-003 を ETK167A→ETK167B→ETK167D で実施	・連続信用新規フローが正常完了する	describe('連続注文信用新規フロー')	中
RT-105	連続注文	連続信用返済フロー	連続注文（信用返済）の入力・確認・完了フロー	ETK169A / ETK169B / ETK169D	CS-001 実施済み（建玉あり）	CS-003 を ETK169A→ETK169B→ETK169D で実施	・連続信用返済フローが正常完了する	describe('連続注文信用返済フロー')	中
RT-111	リバース注文	リバース現物買フロー	リバース注文（現物買）の入力・確認・完了フロー	ETK174A / ETK174B / ETK174D	CS-001 実施済み	CS-003 を ETK174A→ETK174B→ETK174D で実施	・リバース現物買フローが正常完了する	describe('リバース注文現物買フロー')	低
RT-112	リバース注文	リバース現物売フロー	リバース注文（現物売）の入力・確認・完了フロー	ETK175A / ETK175B / ETK175D	CS-001 実施済み
保有銘柄あり	CS-003 を ETK175A→ETK175B→ETK175D で実施	・リバース現物売フローが正常完了する	describe('リバース注文現物売フロー')	低
RT-113	リバース注文	リバース信用新規フロー	リバース注文（信用新規）の入力・確認・完了フロー	ETK176A / ETK176B / ETK176D	CS-001 実施済み（信用口座開設済）	CS-003 を ETK176A→ETK176B→ETK176D で実施	・リバース信用新規フローが正常完了する	describe('リバース注文信用新規フロー')	低
RT-121	注文照会 MRP	MRP注文照会	MRP注文照会画面の表示	EMRP011	CS-001 実施済み
CS-007 設定済み	1. EMRP011（株式注文照会MRP）にアクセスする
2. 注文一覧が表示されることを確認する	・EMRP011 が正常表示される	describe('EMRP011 MRP注文照会')	中
RT-122	注文照会 MRP	MRP現物訂正	MRP現物注文訂正フロー	EMRP012B / EMRP013Ba / EMRP013B	CS-001 実施済み
CS-007 設定済み	CS-004（訂正フロー）を EMRP012B→EMRP013Ba→EMRP013B で実施	・MRP現物訂正フローが正常完了する	describe('MRP現物訂正フロー')	中
RT-123	注文照会 MRP	MRP信用新規訂正	MRP信用新規注文訂正フロー	EMRP012C / EMRP013Ca / EMRP013C	CS-001 実施済み
CS-007 設定済み	CS-004 を EMRP012C→EMRP013Ca→EMRP013C で実施	・MRP信用新規訂正フローが正常完了する	describe('MRP信用新規訂正フロー')	中
RT-124	注文照会 MRP	MRP信用返済訂正	MRP信用返済注文訂正フロー	EMRP012D / EMRP013Da / EMRP013D	CS-001 実施済み
CS-007 設定済み	CS-004 を EMRP012D→EMRP013Da→EMRP013D で実施	・MRP信用返済訂正フローが正常完了する	describe('MRP信用返済訂正フロー')	中
RT-125	注文照会 MRP	MRP現引現渡取消	MRP現引現渡取消フロー	EMRP012E / EMRP013E	CS-001 実施済み
CS-007 設定済み	CS-005 を EMRP012E→EMRP013E で実施	・MRP現引現渡取消フローが正常完了する	describe('MRP現引現渡取消フロー')	低
RT-126	保有銘柄 MRP	MRP保有銘柄一覧	MRP保有銘柄一覧の表示	EMRP031	CS-001 実施済み
保有銘柄あり	1. EMRP031（保有銘柄一覧MRP）にアクセスする
2. 一覧が表示されることを確認する	・EMRP031 が正常表示される	describe('EMRP031 保有銘柄一覧MRP')	中
RT-127	建玉 MRP	MRP建玉一覧	MRP建玉一覧の表示	EMRP051	CS-001 実施済み
建玉あり	1. EMRP051（建玉一覧MRP）にアクセスする
2. 一覧が表示されることを確認する	・EMRP051 が正常表示される	describe('EMRP051 建玉一覧MRP')	中
RT-131	立会外分売	銘柄一覧（ログイン）	立会外分売取扱銘柄一覧の表示	E061	CS-001 実施済み	1. E061（立会外分売銘柄一覧）にアクセスする
2. 取扱銘柄一覧が表示されることを確認する	・E061 が正常表示される
・銘柄・売出価格・申込期間が表示される	describe('E061 立会外分売銘柄一覧')	中
RT-132	立会外分売	銘柄一覧（ゲスト）	立会外分売取扱銘柄一覧（ゲスト）の表示	E061G	未ログイン状態	1. E061G（立会外分売銘柄一覧 ゲスト）にアクセスする
2. 銘柄一覧が表示されることを確認する	・E061G が正常表示される
・ログインを促すメッセージが表示される	it('E061G 立会外分売ゲスト')	低
RT-133	立会外分売	過去取扱銘柄一覧	立会外分売過去取扱銘柄一覧の表示	E061B / E061BG	CS-001 実施済み	1. E061B（過去取扱銘柄一覧）にアクセスする
2. 過去銘柄が表示されることを確認する	・E061B が正常表示される
・過去の立会外分売銘柄一覧が表示される	it('E061B 過去取扱銘柄一覧')	低
RT-134	立会外分売	注文入力→確認→完了	立会外分売注文フロー	E062 / E063 / E064	CS-001 実施済み
立会外分売申込可能銘柄あり	CS-003（注文フロー）を実施
対象画面：E062 → E063 → E064	・立会外分売注文フローが正常完了する
・E064 に受付番号が表示される	describe('立会外分売注文フロー')	中
RT-135	立会外分売	注文訂正・取消	立会外分売注文訂正取消フロー	E012F / E013Fa / E013F	CS-001 実施済み
立会外分売注文あり	CS-004（訂正フロー）を E012F→E013Fa→E013F で実施	・立会外分売訂正取消フローが正常完了する	describe('立会外分売訂正取消フロー')	中
RT-141	立会外セール	トップ・過去銘柄一覧	立会外セールトップおよび過去銘柄一覧の表示	ETK010 / E161	CS-001 実施済み	1. ETK010（立会外セールトップ）にアクセスする
2. E161（過去取扱銘柄一覧）を確認する	・ETK010・E161 が正常表示される	describe('立会外セール表示確認')	低
RT-151	IPO/PO	取扱銘柄一覧（ログイン）	IPO取扱銘柄一覧の表示	E085	CS-001 実施済み	1. E085（取扱銘柄一覧）にアクセスする
2. IPO銘柄一覧が表示されることを確認する	・E085 が正常表示される
・銘柄名・上場市場・公募価格・申込期間が表示される	describe('E085 IPO取扱銘柄一覧')	高
RT-152	IPO/PO	取扱銘柄一覧（ゲスト）	IPO取扱銘柄一覧（ゲスト）の表示	E085G	未ログイン状態	1. E085G にアクセスする
2. 銘柄一覧が表示されることを確認する	・E085G が正常表示される
・ログイン促進メッセージが表示される	it('E085G IPO取扱銘柄ゲスト')	低
RT-153	IPO/PO	銘柄詳細	IPO銘柄詳細情報の表示	E086 / E086G	CS-001 実施済み	1. E085 から対象銘柄をクリックし E086 に遷移する
2. 銘柄詳細情報が表示されることを確認する	・E086 に銘柄名・事業概要・財務情報等が表示される	describe('E086 IPO銘柄詳細')	中
RT-154	IPO/PO	過去取扱銘柄一覧	IPO過去取扱銘柄一覧の表示	E087 / E087G	CS-001 実施済み	1. E087（過去取扱銘柄一覧）にアクセスする
2. 過去IPO銘柄が表示されることを確認する	・E087 が正常表示される	it('E087 過去取扱銘柄一覧')	低
RT-155	IPO/PO	需要申告状況	需要申告・購入申込状況の表示	E091	CS-001 実施済み	1. E091（需要申告・購入申込状況）にアクセスする
2. 申込状況一覧が表示されることを確認する	・E091 が正常表示される
・申込銘柄・申込数量・状況が表示される	describe('E091 需要申告購入申込状況')	高
RT-156	IPO/PO	需要申告（新規公開）フロー	IPO需要申告の入力・確認・完了フロー	E082A / E083A / E084A	CS-001 実施済み
IPO申込受付期間中	CS-003 を E082A→E083A→E084A で実施	・IPO需要申告フローが正常完了する
・E084A に受付番号が表示される	describe('IPO需要申告フロー')	高
RT-157	IPO/PO	需要申告（募集・売出）フロー	PO需要申告の入力・確認・完了フロー	E082B / E083B / E084B	CS-001 実施済み
PO申込受付期間中	CS-003 を E082B→E083B→E084B で実施	・PO需要申告フローが正常完了する	describe('PO需要申告フロー')	高
RT-158	IPO/PO	需要申告取消（新規公開）フロー	IPO需要申告取消フロー	E082D / E083D	CS-001 実施済み
需要申告済み	CS-005 を E082D→E083D で実施	・需要申告取消フローが正常完了する	describe('IPO需要申告取消フロー')	中
RT-159	IPO/PO	需要申告取消（募集・売出）フロー	PO需要申告取消フロー	E082E / E083E	CS-001 実施済み
需要申告済み	CS-005 を E082E→E083E で実施	・PO需要申告取消フローが正常完了する	describe('PO需要申告取消フロー')	中
RT-160	IPO/PO	購入申込フロー	IPO購入申込の入力・確認・完了フロー	E092A / E093A / E094A	CS-001 実施済み
購入申込受付期間中・当選済み	CS-003 を E092A→E093A→E094A で実施	・IPO購入申込フローが正常完了する
・E094A に受付番号が表示される	describe('IPO購入申込フロー')	高
RT-161	IPO/PO	購入申込辞退フロー	IPO購入申込辞退フロー	E092B / E093B	CS-001 実施済み
購入申込済み	CS-005 を E092B→E093B で実施	・購入申込辞退フローが正常完了する	describe('IPO購入申込辞退フロー')	中
RT-171	新株予約権	割当一覧	新株予約権割当一覧の表示	E141	CS-001 実施済み
新株予約権あり	1. E141（新株予約権割当一覧）にアクセスする
2. 割当一覧が表示されることを確認する	・E141 が正常表示される
・銘柄名・割当数量・権利行使期間が表示される	describe('E141 新株予約権割当一覧')	中
RT-172	新株予約権	権利行使フロー	権利行使請求の入力・確認・完了フロー	E142 / E143 / E144	CS-001 実施済み
権利行使可能な新株予約権あり	CS-003 を E142→E143→E144 で実施	・権利行使フローが正常完了する
・E144 に受付番号が表示される	describe('権利行使フロー')	中
RT-173	新株予約権	権利行使照会	権利行使請求照会と詳細の表示	E148 / E149	CS-001 実施済み
権利行使申請済み	1. E148（権利行使請求照会）にアクセスする
2. E149（詳細）にアクセスする	・E148・E149 が正常表示される	describe('権利行使照会')	中
RT-174	新株予約権	権利行使取消フロー	権利行使請求取消フロー	E150 / E151	CS-001 実施済み
権利行使申請済み（取消可能期間内）	CS-005 を E150→E151 で実施	・権利行使取消フローが正常完了する	describe('権利行使取消フロー')	中
RT-181	TOB	銘柄一覧	TOB銘柄一覧の表示	ETK181	CS-001 実施済み	1. ETK181（TOB銘柄一覧）にアクセスする
2. TOB対象銘柄が表示されることを確認する	・ETK181 が正常表示される
・TOB条件（公開買付価格・期間）が表示される	describe('ETK181 TOB銘柄一覧')	中
RT-182	TOB	申込フロー	TOB申込の入力・確認・完了フロー	ETK182 / ETK183 / ETK184	CS-001 実施済み
TOB申込受付期間中	CS-003 を ETK182→ETK183→ETK184 で実施	・TOB申込フローが正常完了する
・ETK184 に受付番号が表示される	describe('TOB申込フロー')	中
RT-183	TOB	申込一覧	TOB申込一覧の表示	ETK185	CS-001 実施済み
TOB申込済み	1. ETK185（TOB申込一覧）にアクセスする
2. 申込一覧が表示されることを確認する	・ETK185 が正常表示される
・申込銘柄・数量・状況が表示される	it('ETK185 TOB申込一覧')	中
RT-184	TOB	申込取消フロー	TOB申込取消フロー	ETK186 / ETK187	CS-001 実施済み
TOB申込済み（取消可能期間）	CS-005 を ETK186→ETK187 で実施	・TOB取消フローが正常完了する	describe('TOB申込取消フロー')	中
RT-191	日本株積立	申込フロー	日本株積立申込の入力・確認・完了フロー	E190 / E191 / E192	CS-001 実施済み	CS-003 を E190→E191→E192 で実施	・日本株積立申込フローが正常完了する
・E192 に申込完了メッセージが表示される	describe('日本株積立申込フロー')	中
RT-192	日本株積立	申込状況一覧	日本株積立申込状況一覧の表示	E193	CS-001 実施済み
積立申込済み	1. E193（申込状況一覧）にアクセスする
2. 積立申込内容が表示されることを確認する	・E193 が正常表示される
・銘柄・積立金額・購入サイクルが表示される	describe('E193 日本株積立状況一覧')	中
RT-193	日本株積立	申込取消フロー	日本株積立申込取消フロー	E194 / E195	CS-001 実施済み
積立申込済み	CS-005 を E194→E195 で実施	・積立申込取消フローが正常完了する	describe('日本株積立取消フロー')	中
RT-201	受付中	注文訂正受付中（現物）	現物注文訂正受付中画面の表示	E014B	CS-001 実施済み
訂正受付中状態	1. E014B にアクセスする
2. 受付中メッセージが表示されることを確認する	・E014B が正常表示される
・「受付中」メッセージが表示される	it('E014B 現物訂正受付中')	低
RT-202	受付中	注文訂正受付中（信用新規）	信用新規注文訂正受付中画面の表示	E014C	CS-001 実施済み
訂正受付中状態	1. E014C にアクセスする
2. 受付中メッセージを確認する	・E014C が正常表示される	it('E014C 信用新規訂正受付中')	低
RT-211	銘柄情報	取引注意銘柄	取引注意銘柄情報の表示	E152	CS-001 実施済み	1. E152（取引注意銘柄情報）にアクセスする
2. 注意銘柄が一覧表示されることを確認する	・E152 が正常表示される
・銘柄名・注意内容が表示される	describe('E152 取引注意銘柄')	中
RT-212	銘柄情報	銘柄コード別情報	銘柄コード別情報の表示	E153	CS-001 実施済み	1. E153（銘柄コード別情報）にアクセスする
2. 対象銘柄の情報が表示されることを確認する	・E153 が正常表示される	describe('E153 銘柄コード別情報')	低
RT-213	信用規制	公的規制銘柄	信用取引公的規制銘柄の表示	E154	CS-001 実施済み	1. E154 にアクセスする
2. 公的規制銘柄一覧が表示されることを確認する	・E154 が正常表示される
・規制種別・銘柄名が表示される	describe('E154 信用公的規制銘柄')	中
RT-214	信用規制	社内規制銘柄	信用取引社内規制銘柄の表示	E155	CS-001 実施済み	1. E155 にアクセスする
2. 社内規制銘柄一覧が表示されることを確認する	・E155 が正常表示される	describe('E155 信用社内規制銘柄')	低
RT-215	信用規制	規制銘柄履歴	信用取引規制銘柄履歴の表示	E156	CS-001 実施済み	1. E156（規制銘柄履歴）にアクセスする
2. 規制履歴が表示されることを確認する	・E156 が正常表示される	it('E156 信用規制銘柄履歴')	低
RT-216	信用規制	逆日歩銘柄	逆日歩銘柄の表示	E157	CS-001 実施済み	1. E157（逆日歩銘柄）にアクセスする
2. 逆日歩銘柄一覧が表示されることを確認する	・E157 が正常表示される
・銘柄名・逆日歩率が表示される	describe('E157 逆日歩銘柄')	中
RT-217	信用銘柄情報	取扱可能銘柄一覧	信用取引取扱可能銘柄一覧の表示	ETK177	CS-001 実施済み	1. ETK177 にアクセスする
2. 取扱可能銘柄が一覧表示されることを確認する	・ETK177 が正常表示される	describe('ETK177 信用取扱可能銘柄')	低
RT-218	信用銘柄情報	スペシャル空売り料一覧	スペシャル空売り料一覧の表示（ログイン有/無）	ETK178 / ETK178G	CS-001 実施済み（ログイン版）/ 未ログイン（ゲスト版）	1. ETK178（ログイン有）にアクセスする
2. ETK178G（ゲスト）にアクセスする	・各画面が正常表示される
・銘柄名・空売り料率が表示される	describe('ETK178 スペシャル空売り料')	低
RT-219	信用銘柄情報	一般信用売建銘柄一覧	一般信用売建銘柄一覧の表示	ETK179	CS-001 実施済み	1. ETK179 にアクセスする
2. 一般信用売建銘柄が一覧表示されることを確認する	・ETK179 が正常表示される
・銘柄名・売建可能数量が表示される	describe('ETK179 一般信用売建銘柄')	中
RT-221	コーポレートアクション	新規公開銘柄CA	CA新規公開銘柄の表示	ETK1213	CS-001 実施済み	1. ETK1213（CA新規公開銘柄）にアクセスする
2. 新規公開銘柄のCA情報が表示されることを確認する	・ETK1213 が正常表示される	describe('ETK1213 CA新規公開')	低
RT-222	コーポレートアクション	上場廃止・市場変更CA	CA上場廃止・市場変更情報の表示	ETK1214A / ETK1214B	CS-001 実施済み	1. ETK1214A（上場廃止）・ETK1214B（市場変更）にアクセスする
2. CA情報が表示されることを確認する	・各CA画面が正常表示される	describe('ETK1214 CA上場廃止市場変更')	低
RT-223	コーポレートアクション	各種CA情報	名称変更・売買単位変更・合併等のCA情報表示	ETK1215〜ETK1223	CS-001 実施済み	1. ETK1215〜ETK1223 の各 CA 情報画面にアクセスする
2. 各CA情報が正常表示されることを確認する	・全CA画面が正常表示される
・銘柄・変更内容・適用日が表示される	describe('CA各種情報画面')	低
RT-231	店頭銘柄	店頭銘柄一覧	店頭銘柄一覧の表示（ログイン有/無）	ETK180 / ETK180G	CS-001 実施済み（ログイン版）/ 未ログイン（ゲスト版）	1. ETK180（ログイン有）にアクセスする
2. ETK180G（ゲスト）にアクセスする	・各画面が正常表示される
・店頭銘柄が一覧表示される	describe('ETK180 店頭銘柄一覧')	低
RT-241	外国株	米国株トップ	米国株トップ画面の表示	HTK002	CS-001 実施済み	1. HTK002（米国株トップ）にアクセスする
2. メニューが表示されることを確認する	・HTK002 が正常表示される
・米国株関連メニューが有効	describe('HTK002 米国株トップ')	中
RT-242	外国株	中国株トップ	中国株トップ画面の表示	HTK003	CS-001 実施済み	1. HTK003（中国株トップ）にアクセスする
2. メニューが表示されることを確認する	・HTK003 が正常表示される	describe('HTK003 中国株トップ')	低
RT-243	外国株	外国株取引口座情報	外国株取引口座情報の表示	HTK011	CS-001 実施済み	1. HTK011（外国株取引口座情報）にアクセスする
2. 口座情報が表示されることを確認する	・HTK011 が正常表示される
・外国株口座の残高・入出金情報が表示される	describe('HTK011 外国株口座情報')	中
RT-251	IPO/POトップ	新規公開株トップ	新規公開株トップ画面の表示	ETK008	CS-001 実施済み	1. ETK008（新規公開株トップ）にアクセスする
2. IPO関連メニューが表示されることを確認する	・ETK008 が正常表示される
・IPO銘柄一覧・申込状況へのリンクが有効	describe('ETK008 IPOトップ')	中
RT-252	立会外分売トップ	立会外分売トップ	立会外分売トップ画面の表示	ETK009	CS-001 実施済み	1. ETK009（立会外分売トップ）にアクセスする
2. 関連メニューが表示されることを確認する	・ETK009 が正常表示される	describe('ETK009 立会外分売トップ')	低
RT-901	エラー系	入力バリデーション	注文入力画面の必須項目・形式バリデーションエラー	E023 / E032 / E043 / E052	CS-001 実施済み	1. 各注文入力画面で未入力のまま確認ボタンをクリックする
2. 不正な値（負の数量、文字列価格等）を入力して確認ボタンをクリックする	・必須項目未入力時にエラーメッセージが表示される
・不正値入力時に適切なエラーが表示される
・エラー表示後も画面にとどまる	describe('入力バリデーションエラー')	高
RT-902	エラー系	セッションタイムアウト	セッションタイムアウト時の動作確認	全画面共通	CS-001 実施済み
セッションタイムアウト後	1. ログイン後にセッションを意図的にタイムアウトさせる（またはセッションクッキーを削除する）
2. 株式取引画面にアクセスする	・ログイン画面にリダイレクトされる
・「セッションが切れました」等のメッセージが表示される	describe('セッションタイムアウト')	高
RT-903	エラー系	未ログインアクセス	ログインが必要な画面への未ログインアクセス制御確認	E011 / E023 / E043 等	未ログイン状態	1. ログインが必要な画面（E011、E023、E043等）のURLに直接アクセスする	・ログイン画面にリダイレクトされる
・認証済みコンテンツが表示されない	describe('未ログインアクセス制御')	高
RT-904	エラー系	買付余力不足	買付余力不足時の注文エラー	E023 / E024	CS-001 実施済み
買付余力が不足している状態	1. E023 で買付可能額を超える注文を入力し確認をクリックする	・「買付余力が不足しています」等のエラーメッセージが表示される
・注文確認画面に遷移しない	it('買付余力不足エラー')	高